/*
Navicat MySQL Data Transfer

Source Server         : XMJonline
Source Server Version : 50720
Source Host           : 127.0.0.1:3306
Source Database       : xmjonline

Target Server Type    : MYSQL
Target Server Version : 50720
File Encoding         : 65001

Date: 2018-01-09 17:20:34
*/

SET FOREIGN_KEY_CHECKS=0;

-- ----------------------------
-- Table structure for auth_group
-- ----------------------------
DROP TABLE IF EXISTS `auth_group`;
CREATE TABLE `auth_group` (
  `id` int(11) NOT NULL AUTO_INCREMENT,
  `name` varchar(80) NOT NULL,
  PRIMARY KEY (`id`),
  UNIQUE KEY `name` (`name`)
) ENGINE=InnoDB DEFAULT CHARSET=utf8;

-- ----------------------------
-- Records of auth_group
-- ----------------------------

-- ----------------------------
-- Table structure for auth_group_permissions
-- ----------------------------
DROP TABLE IF EXISTS `auth_group_permissions`;
CREATE TABLE `auth_group_permissions` (
  `id` int(11) NOT NULL AUTO_INCREMENT,
  `group_id` int(11) NOT NULL,
  `permission_id` int(11) NOT NULL,
  PRIMARY KEY (`id`),
  UNIQUE KEY `auth_group_permissions_group_id_0cd325b0_uniq` (`group_id`,`permission_id`),
  KEY `auth_group_permissi_permission_id_84c5c92e_fk_auth_permission_id` (`permission_id`),
  CONSTRAINT `auth_group_permissi_permission_id_84c5c92e_fk_auth_permission_id` FOREIGN KEY (`permission_id`) REFERENCES `auth_permission` (`id`),
  CONSTRAINT `auth_group_permissions_group_id_b120cbf9_fk_auth_group_id` FOREIGN KEY (`group_id`) REFERENCES `auth_group` (`id`)
) ENGINE=InnoDB DEFAULT CHARSET=utf8;

-- ----------------------------
-- Records of auth_group_permissions
-- ----------------------------

-- ----------------------------
-- Table structure for auth_permission
-- ----------------------------
DROP TABLE IF EXISTS `auth_permission`;
CREATE TABLE `auth_permission` (
  `id` int(11) NOT NULL AUTO_INCREMENT,
  `name` varchar(255) NOT NULL,
  `content_type_id` int(11) NOT NULL,
  `codename` varchar(100) NOT NULL,
  PRIMARY KEY (`id`),
  UNIQUE KEY `auth_permission_content_type_id_01ab375a_uniq` (`content_type_id`,`codename`),
  CONSTRAINT `auth_permissi_content_type_id_2f476e4b_fk_django_content_type_id` FOREIGN KEY (`content_type_id`) REFERENCES `django_content_type` (`id`)
) ENGINE=InnoDB AUTO_INCREMENT=64 DEFAULT CHARSET=utf8;

-- ----------------------------
-- Records of auth_permission
-- ----------------------------
INSERT INTO `auth_permission` VALUES ('1', 'Can add log entry', '1', 'add_logentry');
INSERT INTO `auth_permission` VALUES ('2', 'Can change log entry', '1', 'change_logentry');
INSERT INTO `auth_permission` VALUES ('3', 'Can delete log entry', '1', 'delete_logentry');
INSERT INTO `auth_permission` VALUES ('4', 'Can add permission', '2', 'add_permission');
INSERT INTO `auth_permission` VALUES ('5', 'Can change permission', '2', 'change_permission');
INSERT INTO `auth_permission` VALUES ('6', 'Can delete permission', '2', 'delete_permission');
INSERT INTO `auth_permission` VALUES ('7', 'Can add group', '3', 'add_group');
INSERT INTO `auth_permission` VALUES ('8', 'Can change group', '3', 'change_group');
INSERT INTO `auth_permission` VALUES ('9', 'Can delete group', '3', 'delete_group');
INSERT INTO `auth_permission` VALUES ('13', 'Can add content type', '5', 'add_contenttype');
INSERT INTO `auth_permission` VALUES ('14', 'Can change content type', '5', 'change_contenttype');
INSERT INTO `auth_permission` VALUES ('15', 'Can delete content type', '5', 'delete_contenttype');
INSERT INTO `auth_permission` VALUES ('16', 'Can add session', '6', 'add_session');
INSERT INTO `auth_permission` VALUES ('17', 'Can change session', '6', 'change_session');
INSERT INTO `auth_permission` VALUES ('18', 'Can delete session', '6', 'delete_session');
INSERT INTO `auth_permission` VALUES ('19', 'Can add 用户信息', '7', 'add_userprofile');
INSERT INTO `auth_permission` VALUES ('20', 'Can change 用户信息', '7', 'change_userprofile');
INSERT INTO `auth_permission` VALUES ('21', 'Can delete 用户信息', '7', 'delete_userprofile');
INSERT INTO `auth_permission` VALUES ('22', 'Can add 邮箱验证码', '8', 'add_emailverifyrecord');
INSERT INTO `auth_permission` VALUES ('23', 'Can change 邮箱验证码', '8', 'change_emailverifyrecord');
INSERT INTO `auth_permission` VALUES ('24', 'Can delete 邮箱验证码', '8', 'delete_emailverifyrecord');
INSERT INTO `auth_permission` VALUES ('25', 'Can add 轮播图', '9', 'add_banner');
INSERT INTO `auth_permission` VALUES ('26', 'Can change 轮播图', '9', 'change_banner');
INSERT INTO `auth_permission` VALUES ('27', 'Can delete 轮播图', '9', 'delete_banner');
INSERT INTO `auth_permission` VALUES ('28', 'Can add 课程', '10', 'add_course');
INSERT INTO `auth_permission` VALUES ('29', 'Can change 课程', '10', 'change_course');
INSERT INTO `auth_permission` VALUES ('30', 'Can delete 课程', '10', 'delete_course');
INSERT INTO `auth_permission` VALUES ('31', 'Can add 章节', '11', 'add_lesson');
INSERT INTO `auth_permission` VALUES ('32', 'Can change 章节', '11', 'change_lesson');
INSERT INTO `auth_permission` VALUES ('33', 'Can delete 章节', '11', 'delete_lesson');
INSERT INTO `auth_permission` VALUES ('34', 'Can add 视频', '12', 'add_video');
INSERT INTO `auth_permission` VALUES ('35', 'Can change 视频', '12', 'change_video');
INSERT INTO `auth_permission` VALUES ('36', 'Can delete 视频', '12', 'delete_video');
INSERT INTO `auth_permission` VALUES ('37', 'Can add 课程资源', '13', 'add_courseresource');
INSERT INTO `auth_permission` VALUES ('38', 'Can change 课程资源', '13', 'change_courseresource');
INSERT INTO `auth_permission` VALUES ('39', 'Can delete 课程资源', '13', 'delete_courseresource');
INSERT INTO `auth_permission` VALUES ('40', 'Can add 城市', '14', 'add_citydict');
INSERT INTO `auth_permission` VALUES ('41', 'Can change 城市', '14', 'change_citydict');
INSERT INTO `auth_permission` VALUES ('42', 'Can delete 城市', '14', 'delete_citydict');
INSERT INTO `auth_permission` VALUES ('43', 'Can add 城市', '15', 'add_courseorg');
INSERT INTO `auth_permission` VALUES ('44', 'Can change 城市', '15', 'change_courseorg');
INSERT INTO `auth_permission` VALUES ('45', 'Can delete 城市', '15', 'delete_courseorg');
INSERT INTO `auth_permission` VALUES ('46', 'Can add 教师', '16', 'add_teacher');
INSERT INTO `auth_permission` VALUES ('47', 'Can change 教师', '16', 'change_teacher');
INSERT INTO `auth_permission` VALUES ('48', 'Can delete 教师', '16', 'delete_teacher');
INSERT INTO `auth_permission` VALUES ('49', 'Can add 用户咨询', '17', 'add_userask');
INSERT INTO `auth_permission` VALUES ('50', 'Can change 用户咨询', '17', 'change_userask');
INSERT INTO `auth_permission` VALUES ('51', 'Can delete 用户咨询', '17', 'delete_userask');
INSERT INTO `auth_permission` VALUES ('52', 'Can add 课程评论', '18', 'add_coursecomments');
INSERT INTO `auth_permission` VALUES ('53', 'Can change 课程评论', '18', 'change_coursecomments');
INSERT INTO `auth_permission` VALUES ('54', 'Can delete 课程评论', '18', 'delete_coursecomments');
INSERT INTO `auth_permission` VALUES ('55', 'Can add 用户收藏', '19', 'add_userfavorite');
INSERT INTO `auth_permission` VALUES ('56', 'Can change 用户收藏', '19', 'change_userfavorite');
INSERT INTO `auth_permission` VALUES ('57', 'Can delete 用户收藏', '19', 'delete_userfavorite');
INSERT INTO `auth_permission` VALUES ('58', 'Can add 用户信息', '20', 'add_usermessage');
INSERT INTO `auth_permission` VALUES ('59', 'Can change 用户信息', '20', 'change_usermessage');
INSERT INTO `auth_permission` VALUES ('60', 'Can delete 用户信息', '20', 'delete_usermessage');
INSERT INTO `auth_permission` VALUES ('61', 'Can add 用户课程', '21', 'add_usercourse');
INSERT INTO `auth_permission` VALUES ('62', 'Can change 用户课程', '21', 'change_usercourse');
INSERT INTO `auth_permission` VALUES ('63', 'Can delete 用户课程', '21', 'delete_usercourse');

-- ----------------------------
-- Table structure for auth_user
-- ----------------------------
DROP TABLE IF EXISTS `auth_user`;
CREATE TABLE `auth_user` (
  `id` int(11) NOT NULL AUTO_INCREMENT,
  `password` varchar(128) NOT NULL,
  `last_login` datetime(6) DEFAULT NULL,
  `is_superuser` tinyint(1) NOT NULL,
  `username` varchar(30) NOT NULL,
  `first_name` varchar(30) NOT NULL,
  `last_name` varchar(30) NOT NULL,
  `email` varchar(254) NOT NULL,
  `is_staff` tinyint(1) NOT NULL,
  `is_active` tinyint(1) NOT NULL,
  `date_joined` datetime(6) NOT NULL,
  PRIMARY KEY (`id`),
  UNIQUE KEY `username` (`username`)
) ENGINE=InnoDB DEFAULT CHARSET=utf8;

-- ----------------------------
-- Records of auth_user
-- ----------------------------

-- ----------------------------
-- Table structure for auth_user_groups
-- ----------------------------
DROP TABLE IF EXISTS `auth_user_groups`;
CREATE TABLE `auth_user_groups` (
  `id` int(11) NOT NULL AUTO_INCREMENT,
  `user_id` int(11) NOT NULL,
  `group_id` int(11) NOT NULL,
  PRIMARY KEY (`id`),
  UNIQUE KEY `auth_user_groups_user_id_94350c0c_uniq` (`user_id`,`group_id`),
  KEY `auth_user_groups_group_id_97559544_fk_auth_group_id` (`group_id`),
  CONSTRAINT `auth_user_groups_group_id_97559544_fk_auth_group_id` FOREIGN KEY (`group_id`) REFERENCES `auth_group` (`id`),
  CONSTRAINT `auth_user_groups_user_id_6a12ed8b_fk_auth_user_id` FOREIGN KEY (`user_id`) REFERENCES `auth_user` (`id`)
) ENGINE=InnoDB DEFAULT CHARSET=utf8;

-- ----------------------------
-- Records of auth_user_groups
-- ----------------------------

-- ----------------------------
-- Table structure for auth_user_user_permissions
-- ----------------------------
DROP TABLE IF EXISTS `auth_user_user_permissions`;
CREATE TABLE `auth_user_user_permissions` (
  `id` int(11) NOT NULL AUTO_INCREMENT,
  `user_id` int(11) NOT NULL,
  `permission_id` int(11) NOT NULL,
  PRIMARY KEY (`id`),
  UNIQUE KEY `auth_user_user_permissions_user_id_14a6b632_uniq` (`user_id`,`permission_id`),
  KEY `auth_user_user_perm_permission_id_1fbb5f2c_fk_auth_permission_id` (`permission_id`),
  CONSTRAINT `auth_user_user_perm_permission_id_1fbb5f2c_fk_auth_permission_id` FOREIGN KEY (`permission_id`) REFERENCES `auth_permission` (`id`),
  CONSTRAINT `auth_user_user_permissions_user_id_a95ead1b_fk_auth_user_id` FOREIGN KEY (`user_id`) REFERENCES `auth_user` (`id`)
) ENGINE=InnoDB DEFAULT CHARSET=utf8;

-- ----------------------------
-- Records of auth_user_user_permissions
-- ----------------------------

-- ----------------------------
-- Table structure for courses_course
-- ----------------------------
DROP TABLE IF EXISTS `courses_course`;
CREATE TABLE `courses_course` (
  `id` int(11) NOT NULL AUTO_INCREMENT,
  `name` varchar(50) NOT NULL,
  `desc` varchar(300) NOT NULL,
  `detail` longtext NOT NULL,
  `degree` varchar(2) NOT NULL,
  `learn_times` int(11) NOT NULL,
  `students` int(11) NOT NULL,
  `fav_nums` int(11) NOT NULL,
  `image` varchar(100) NOT NULL,
  `click_nums` int(11) NOT NULL,
  `add_time` datetime(6) NOT NULL,
  PRIMARY KEY (`id`)
) ENGINE=InnoDB DEFAULT CHARSET=utf8;

-- ----------------------------
-- Records of courses_course
-- ----------------------------

-- ----------------------------
-- Table structure for courses_courseresource
-- ----------------------------
DROP TABLE IF EXISTS `courses_courseresource`;
CREATE TABLE `courses_courseresource` (
  `id` int(11) NOT NULL AUTO_INCREMENT,
  `name` varchar(100) NOT NULL,
  `download` varchar(100) NOT NULL,
  `add_time` datetime(6) NOT NULL,
  `course_id` int(11) NOT NULL,
  PRIMARY KEY (`id`),
  KEY `courses_courseresource_course_id_5eba1332_fk_courses_course_id` (`course_id`),
  CONSTRAINT `courses_courseresource_course_id_5eba1332_fk_courses_course_id` FOREIGN KEY (`course_id`) REFERENCES `courses_course` (`id`)
) ENGINE=InnoDB DEFAULT CHARSET=utf8;

-- ----------------------------
-- Records of courses_courseresource
-- ----------------------------

-- ----------------------------
-- Table structure for courses_lesson
-- ----------------------------
DROP TABLE IF EXISTS `courses_lesson`;
CREATE TABLE `courses_lesson` (
  `id` int(11) NOT NULL AUTO_INCREMENT,
  `name` varchar(100) NOT NULL,
  `add_time` datetime(6) NOT NULL,
  `course_id` int(11) NOT NULL,
  PRIMARY KEY (`id`),
  KEY `courses_lesson_course_id_16bc4882_fk_courses_course_id` (`course_id`),
  CONSTRAINT `courses_lesson_course_id_16bc4882_fk_courses_course_id` FOREIGN KEY (`course_id`) REFERENCES `courses_course` (`id`)
) ENGINE=InnoDB DEFAULT CHARSET=utf8;

-- ----------------------------
-- Records of courses_lesson
-- ----------------------------

-- ----------------------------
-- Table structure for courses_video
-- ----------------------------
DROP TABLE IF EXISTS `courses_video`;
CREATE TABLE `courses_video` (
  `id` int(11) NOT NULL AUTO_INCREMENT,
  `name` varchar(100) NOT NULL,
  `add_time` datetime(6) NOT NULL,
  `lesson_id` int(11) NOT NULL,
  PRIMARY KEY (`id`),
  KEY `courses_video_lesson_id_59f2396e_fk_courses_lesson_id` (`lesson_id`),
  CONSTRAINT `courses_video_lesson_id_59f2396e_fk_courses_lesson_id` FOREIGN KEY (`lesson_id`) REFERENCES `courses_lesson` (`id`)
) ENGINE=InnoDB DEFAULT CHARSET=utf8;

-- ----------------------------
-- Records of courses_video
-- ----------------------------

-- ----------------------------
-- Table structure for django_admin_log
-- ----------------------------
DROP TABLE IF EXISTS `django_admin_log`;
CREATE TABLE `django_admin_log` (
  `id` int(11) NOT NULL AUTO_INCREMENT,
  `action_time` datetime(6) NOT NULL,
  `object_id` longtext,
  `object_repr` varchar(200) NOT NULL,
  `action_flag` smallint(5) unsigned NOT NULL,
  `change_message` longtext NOT NULL,
  `content_type_id` int(11) DEFAULT NULL,
  `user_id` int(11) NOT NULL,
  PRIMARY KEY (`id`),
  KEY `django_admin__content_type_id_c4bce8eb_fk_django_content_type_id` (`content_type_id`),
  KEY `django_admin_log_user_id_c564eba6_fk_auth_user_id` (`user_id`),
  CONSTRAINT `django_admin__content_type_id_c4bce8eb_fk_django_content_type_id` FOREIGN KEY (`content_type_id`) REFERENCES `django_content_type` (`id`),
  CONSTRAINT `django_admin_log_user_id_c564eba6_fk_auth_user_id` FOREIGN KEY (`user_id`) REFERENCES `auth_user` (`id`)
) ENGINE=InnoDB DEFAULT CHARSET=utf8;

-- ----------------------------
-- Records of django_admin_log
-- ----------------------------

-- ----------------------------
-- Table structure for django_content_type
-- ----------------------------
DROP TABLE IF EXISTS `django_content_type`;
CREATE TABLE `django_content_type` (
  `id` int(11) NOT NULL AUTO_INCREMENT,
  `app_label` varchar(100) NOT NULL,
  `model` varchar(100) NOT NULL,
  PRIMARY KEY (`id`),
  UNIQUE KEY `django_content_type_app_label_76bd3d3b_uniq` (`app_label`,`model`)
) ENGINE=InnoDB AUTO_INCREMENT=22 DEFAULT CHARSET=utf8;

-- ----------------------------
-- Records of django_content_type
-- ----------------------------
INSERT INTO `django_content_type` VALUES ('1', 'admin', 'logentry');
INSERT INTO `django_content_type` VALUES ('3', 'auth', 'group');
INSERT INTO `django_content_type` VALUES ('2', 'auth', 'permission');
INSERT INTO `django_content_type` VALUES ('5', 'contenttypes', 'contenttype');
INSERT INTO `django_content_type` VALUES ('10', 'courses', 'course');
INSERT INTO `django_content_type` VALUES ('13', 'courses', 'courseresource');
INSERT INTO `django_content_type` VALUES ('11', 'courses', 'lesson');
INSERT INTO `django_content_type` VALUES ('12', 'courses', 'video');
INSERT INTO `django_content_type` VALUES ('18', 'operation', 'coursecomments');
INSERT INTO `django_content_type` VALUES ('17', 'operation', 'userask');
INSERT INTO `django_content_type` VALUES ('21', 'operation', 'usercourse');
INSERT INTO `django_content_type` VALUES ('19', 'operation', 'userfavorite');
INSERT INTO `django_content_type` VALUES ('20', 'operation', 'usermessage');
INSERT INTO `django_content_type` VALUES ('14', 'organization', 'citydict');
INSERT INTO `django_content_type` VALUES ('15', 'organization', 'courseorg');
INSERT INTO `django_content_type` VALUES ('16', 'organization', 'teacher');
INSERT INTO `django_content_type` VALUES ('6', 'sessions', 'session');
INSERT INTO `django_content_type` VALUES ('9', 'users', 'banner');
INSERT INTO `django_content_type` VALUES ('8', 'users', 'emailverifyrecord');
INSERT INTO `django_content_type` VALUES ('7', 'users', 'userprofile');

-- ----------------------------
-- Table structure for django_migrations
-- ----------------------------
DROP TABLE IF EXISTS `django_migrations`;
CREATE TABLE `django_migrations` (
  `id` int(11) NOT NULL AUTO_INCREMENT,
  `app` varchar(255) NOT NULL,
  `name` varchar(255) NOT NULL,
  `applied` datetime(6) NOT NULL,
  PRIMARY KEY (`id`)
) ENGINE=InnoDB AUTO_INCREMENT=18 DEFAULT CHARSET=utf8;

-- ----------------------------
-- Records of django_migrations
-- ----------------------------
INSERT INTO `django_migrations` VALUES ('1', 'contenttypes', '0001_initial', '2018-01-08 19:23:26.529285');
INSERT INTO `django_migrations` VALUES ('2', 'auth', '0001_initial', '2018-01-08 19:23:27.513341');
INSERT INTO `django_migrations` VALUES ('3', 'admin', '0001_initial', '2018-01-08 19:23:27.720353');
INSERT INTO `django_migrations` VALUES ('4', 'admin', '0002_logentry_remove_auto_add', '2018-01-08 19:23:27.760355');
INSERT INTO `django_migrations` VALUES ('5', 'contenttypes', '0002_remove_content_type_name', '2018-01-08 19:23:27.910364');
INSERT INTO `django_migrations` VALUES ('6', 'auth', '0002_alter_permission_name_max_length', '2018-01-08 19:23:28.098374');
INSERT INTO `django_migrations` VALUES ('7', 'auth', '0003_alter_user_email_max_length', '2018-01-08 19:23:28.175379');
INSERT INTO `django_migrations` VALUES ('8', 'auth', '0004_alter_user_username_opts', '2018-01-08 19:23:28.187379');
INSERT INTO `django_migrations` VALUES ('9', 'auth', '0005_alter_user_last_login_null', '2018-01-08 19:23:28.269384');
INSERT INTO `django_migrations` VALUES ('10', 'auth', '0006_require_contenttypes_0002', '2018-01-08 19:23:28.275384');
INSERT INTO `django_migrations` VALUES ('11', 'auth', '0007_alter_validators_add_error_messages', '2018-01-08 19:23:28.289385');
INSERT INTO `django_migrations` VALUES ('12', 'sessions', '0001_initial', '2018-01-08 19:23:28.359389');
INSERT INTO `django_migrations` VALUES ('13', 'users', '0001_initial', '2018-01-08 19:49:01.413075');
INSERT INTO `django_migrations` VALUES ('14', 'users', '0002_banner_emailverifyrecord', '2018-01-08 20:07:58.378106');
INSERT INTO `django_migrations` VALUES ('15', 'courses', '0001_initial', '2018-01-09 08:55:22.680252');
INSERT INTO `django_migrations` VALUES ('16', 'operation', '0001_initial', '2018-01-09 08:55:23.150279');
INSERT INTO `django_migrations` VALUES ('17', 'organization', '0001_initial', '2018-01-09 08:55:23.337289');

-- ----------------------------
-- Table structure for django_session
-- ----------------------------
DROP TABLE IF EXISTS `django_session`;
CREATE TABLE `django_session` (
  `session_key` varchar(40) NOT NULL,
  `session_data` longtext NOT NULL,
  `expire_date` datetime(6) NOT NULL,
  PRIMARY KEY (`session_key`),
  KEY `django_session_de54fa62` (`expire_date`)
) ENGINE=InnoDB DEFAULT CHARSET=utf8;

-- ----------------------------
-- Records of django_session
-- ----------------------------

-- ----------------------------
-- Table structure for operation_coursecomments
-- ----------------------------
DROP TABLE IF EXISTS `operation_coursecomments`;
CREATE TABLE `operation_coursecomments` (
  `id` int(11) NOT NULL AUTO_INCREMENT,
  `comments` varchar(200) NOT NULL,
  `add_time` datetime(6) NOT NULL,
  `course_id` int(11) NOT NULL,
  `user_id` int(11) NOT NULL,
  PRIMARY KEY (`id`),
  KEY `operation_coursecomments_course_id_c88f1b6a_fk_courses_course_id` (`course_id`),
  KEY `operation_coursecomment_user_id_f5ff70b3_fk_users_userprofile_id` (`user_id`),
  CONSTRAINT `operation_coursecomment_user_id_f5ff70b3_fk_users_userprofile_id` FOREIGN KEY (`user_id`) REFERENCES `users_userprofile` (`id`),
  CONSTRAINT `operation_coursecomments_course_id_c88f1b6a_fk_courses_course_id` FOREIGN KEY (`course_id`) REFERENCES `courses_course` (`id`)
) ENGINE=InnoDB DEFAULT CHARSET=utf8;

-- ----------------------------
-- Records of operation_coursecomments
-- ----------------------------

-- ----------------------------
-- Table structure for operation_userask
-- ----------------------------
DROP TABLE IF EXISTS `operation_userask`;
CREATE TABLE `operation_userask` (
  `id` int(11) NOT NULL AUTO_INCREMENT,
  `name` varchar(20) NOT NULL,
  `mobile` varchar(11) NOT NULL,
  `course_name` varchar(50) NOT NULL,
  `add_time` datetime(6) NOT NULL,
  PRIMARY KEY (`id`)
) ENGINE=InnoDB DEFAULT CHARSET=utf8;

-- ----------------------------
-- Records of operation_userask
-- ----------------------------

-- ----------------------------
-- Table structure for operation_usercourse
-- ----------------------------
DROP TABLE IF EXISTS `operation_usercourse`;
CREATE TABLE `operation_usercourse` (
  `id` int(11) NOT NULL AUTO_INCREMENT,
  `add_time` datetime(6) NOT NULL,
  `course_id` int(11) NOT NULL,
  `user_id` int(11) NOT NULL,
  PRIMARY KEY (`id`),
  KEY `operation_usercourse_course_id_9f1eab2e_fk_courses_course_id` (`course_id`),
  KEY `operation_usercourse_user_id_835fe81a_fk_users_userprofile_id` (`user_id`),
  CONSTRAINT `operation_usercourse_course_id_9f1eab2e_fk_courses_course_id` FOREIGN KEY (`course_id`) REFERENCES `courses_course` (`id`),
  CONSTRAINT `operation_usercourse_user_id_835fe81a_fk_users_userprofile_id` FOREIGN KEY (`user_id`) REFERENCES `users_userprofile` (`id`)
) ENGINE=InnoDB DEFAULT CHARSET=utf8;

-- ----------------------------
-- Records of operation_usercourse
-- ----------------------------

-- ----------------------------
-- Table structure for operation_userfavorite
-- ----------------------------
DROP TABLE IF EXISTS `operation_userfavorite`;
CREATE TABLE `operation_userfavorite` (
  `id` int(11) NOT NULL AUTO_INCREMENT,
  `fav_id` int(11) NOT NULL,
  `fav_type` int(11) NOT NULL,
  `add_time` datetime(6) NOT NULL,
  `user_id` int(11) NOT NULL,
  PRIMARY KEY (`id`),
  KEY `operation_userfavorite_user_id_ad46a6af_fk_users_userprofile_id` (`user_id`),
  CONSTRAINT `operation_userfavorite_user_id_ad46a6af_fk_users_userprofile_id` FOREIGN KEY (`user_id`) REFERENCES `users_userprofile` (`id`)
) ENGINE=InnoDB DEFAULT CHARSET=utf8;

-- ----------------------------
-- Records of operation_userfavorite
-- ----------------------------

-- ----------------------------
-- Table structure for operation_usermessage
-- ----------------------------
DROP TABLE IF EXISTS `operation_usermessage`;
CREATE TABLE `operation_usermessage` (
  `id` int(11) NOT NULL AUTO_INCREMENT,
  `user` int(11) NOT NULL,
  `message` varchar(500) NOT NULL,
  `has_read` tinyint(1) NOT NULL,
  `add_time` datetime(6) NOT NULL,
  PRIMARY KEY (`id`)
) ENGINE=InnoDB DEFAULT CHARSET=utf8;

-- ----------------------------
-- Records of operation_usermessage
-- ----------------------------

-- ----------------------------
-- Table structure for organization_citydict
-- ----------------------------
DROP TABLE IF EXISTS `organization_citydict`;
CREATE TABLE `organization_citydict` (
  `id` int(11) NOT NULL AUTO_INCREMENT,
  `name` varchar(20) NOT NULL,
  `desc` varchar(200) NOT NULL,
  `add_time` datetime(6) NOT NULL,
  PRIMARY KEY (`id`)
) ENGINE=InnoDB DEFAULT CHARSET=utf8;

-- ----------------------------
-- Records of organization_citydict
-- ----------------------------

-- ----------------------------
-- Table structure for organization_courseorg
-- ----------------------------
DROP TABLE IF EXISTS `organization_courseorg`;
CREATE TABLE `organization_courseorg` (
  `id` int(11) NOT NULL AUTO_INCREMENT,
  `name` varchar(50) NOT NULL,
  `desc` longtext NOT NULL,
  `click_nums` int(11) NOT NULL,
  `fav_nums` int(11) NOT NULL,
  `image` varchar(100) NOT NULL,
  `address` varchar(150) NOT NULL,
  `add_time` datetime(6) NOT NULL,
  `city_id` int(11) NOT NULL,
  PRIMARY KEY (`id`),
  KEY `organization_course_city_id_4a842f85_fk_organization_citydict_id` (`city_id`),
  CONSTRAINT `organization_course_city_id_4a842f85_fk_organization_citydict_id` FOREIGN KEY (`city_id`) REFERENCES `organization_citydict` (`id`)
) ENGINE=InnoDB DEFAULT CHARSET=utf8;

-- ----------------------------
-- Records of organization_courseorg
-- ----------------------------

-- ----------------------------
-- Table structure for organization_teacher
-- ----------------------------
DROP TABLE IF EXISTS `organization_teacher`;
CREATE TABLE `organization_teacher` (
  `id` int(11) NOT NULL AUTO_INCREMENT,
  `name` varchar(50) NOT NULL,
  `work_years` varchar(100) NOT NULL,
  `work_company` varchar(50) NOT NULL,
  `work_position` varchar(50) NOT NULL,
  `points` varchar(50) NOT NULL,
  `click_nums` int(11) NOT NULL,
  `fav_nums` int(11) NOT NULL,
  `add_time` datetime(6) NOT NULL,
  `org_id` int(11) NOT NULL,
  PRIMARY KEY (`id`),
  KEY `organization_teache_org_id_cd000a1a_fk_organization_courseorg_id` (`org_id`),
  CONSTRAINT `organization_teache_org_id_cd000a1a_fk_organization_courseorg_id` FOREIGN KEY (`org_id`) REFERENCES `organization_courseorg` (`id`)
) ENGINE=InnoDB DEFAULT CHARSET=utf8;

-- ----------------------------
-- Records of organization_teacher
-- ----------------------------

-- ----------------------------
-- Table structure for users_banner
-- ----------------------------
DROP TABLE IF EXISTS `users_banner`;
CREATE TABLE `users_banner` (
  `id` int(11) NOT NULL AUTO_INCREMENT,
  `title` varchar(100) NOT NULL,
  `image` varchar(100) NOT NULL,
  `url` varchar(200) NOT NULL,
  `index` int(11) NOT NULL,
  `add_time` datetime(6) NOT NULL,
  PRIMARY KEY (`id`)
) ENGINE=InnoDB DEFAULT CHARSET=utf8;

-- ----------------------------
-- Records of users_banner
-- ----------------------------

-- ----------------------------
-- Table structure for users_emailverifyrecord
-- ----------------------------
DROP TABLE IF EXISTS `users_emailverifyrecord`;
CREATE TABLE `users_emailverifyrecord` (
  `id` int(11) NOT NULL AUTO_INCREMENT,
  `code` varchar(20) NOT NULL,
  `email` varchar(50) NOT NULL,
  `send_type` varchar(10) NOT NULL,
  `send_time` datetime(6) NOT NULL,
  PRIMARY KEY (`id`)
) ENGINE=InnoDB DEFAULT CHARSET=utf8;

-- ----------------------------
-- Records of users_emailverifyrecord
-- ----------------------------

-- ----------------------------
-- Table structure for users_userprofile
-- ----------------------------
DROP TABLE IF EXISTS `users_userprofile`;
CREATE TABLE `users_userprofile` (
  `id` int(11) NOT NULL AUTO_INCREMENT,
  `password` varchar(128) NOT NULL,
  `last_login` datetime(6) DEFAULT NULL,
  `is_superuser` tinyint(1) NOT NULL,
  `username` varchar(30) NOT NULL,
  `first_name` varchar(30) NOT NULL,
  `last_name` varchar(30) NOT NULL,
  `email` varchar(254) NOT NULL,
  `is_staff` tinyint(1) NOT NULL,
  `is_active` tinyint(1) NOT NULL,
  `date_joined` datetime(6) NOT NULL,
  `nick_name` varchar(50) NOT NULL,
  `birthday` date DEFAULT NULL,
  `gender` varchar(5) NOT NULL,
  `address` varchar(100) NOT NULL,
  `mobile` varchar(11) DEFAULT NULL,
  `image` varchar(100) NOT NULL,
  PRIMARY KEY (`id`),
  UNIQUE KEY `username` (`username`)
) ENGINE=InnoDB DEFAULT CHARSET=utf8;

-- ----------------------------
-- Records of users_userprofile
-- ----------------------------

-- ----------------------------
-- Table structure for users_userprofile_groups
-- ----------------------------
DROP TABLE IF EXISTS `users_userprofile_groups`;
CREATE TABLE `users_userprofile_groups` (
  `id` int(11) NOT NULL AUTO_INCREMENT,
  `userprofile_id` int(11) NOT NULL,
  `group_id` int(11) NOT NULL,
  PRIMARY KEY (`id`),
  UNIQUE KEY `users_userprofile_groups_userprofile_id_823cf2fc_uniq` (`userprofile_id`,`group_id`),
  KEY `users_userprofile_groups_group_id_3de53dbf_fk_auth_group_id` (`group_id`),
  CONSTRAINT `users_userprofil_userprofile_id_a4496a80_fk_users_userprofile_id` FOREIGN KEY (`userprofile_id`) REFERENCES `users_userprofile` (`id`),
  CONSTRAINT `users_userprofile_groups_group_id_3de53dbf_fk_auth_group_id` FOREIGN KEY (`group_id`) REFERENCES `auth_group` (`id`)
) ENGINE=InnoDB DEFAULT CHARSET=utf8;

-- ----------------------------
-- Records of users_userprofile_groups
-- ----------------------------

-- ----------------------------
-- Table structure for users_userprofile_user_permissions
-- ----------------------------
DROP TABLE IF EXISTS `users_userprofile_user_permissions`;
CREATE TABLE `users_userprofile_user_permissions` (
  `id` int(11) NOT NULL AUTO_INCREMENT,
  `userprofile_id` int(11) NOT NULL,
  `permission_id` int(11) NOT NULL,
  PRIMARY KEY (`id`),
  UNIQUE KEY `users_userprofile_user_permissions_userprofile_id_d0215190_uniq` (`userprofile_id`,`permission_id`),
  KEY `users_userprofile_u_permission_id_393136b6_fk_auth_permission_id` (`permission_id`),
  CONSTRAINT `users_userprofil_userprofile_id_34544737_fk_users_userprofile_id` FOREIGN KEY (`userprofile_id`) REFERENCES `users_userprofile` (`id`),
  CONSTRAINT `users_userprofile_u_permission_id_393136b6_fk_auth_permission_id` FOREIGN KEY (`permission_id`) REFERENCES `auth_permission` (`id`)
) ENGINE=InnoDB DEFAULT CHARSET=utf8;

-- ----------------------------
-- Records of users_userprofile_user_permissions
-- ----------------------------
